{
  "id": "1317524",
  "name": "book",
  "font_family": "iconfont",
  "css_prefix_text": "icon-",
  "description": "",
  "glyphs": [
    {
      "icon_id": "101272",
      "name": "书籍",
      "font_class": "shuji",
      "unicode": "e64e",
      "unicode_decimal": 58958
    },
    {
      "icon_id": "554485",
      "name": "太阳",
      "font_class": "iconset0451",
      "unicode": "e74a",
      "unicode_decimal": 59210
    },
    {
      "icon_id": "554488",
      "name": "月亮",
      "font_class": "iconset0454",
      "unicode": "e74d",
      "unicode_decimal": 59213
    },
    {
      "icon_id": "566241",
      "name": "书",
      "font_class": "shu",
      "unicode": "e645",
      "unicode_decimal": 58949
    },
    {
      "icon_id": "578383",
      "name": "books，书架",
      "font_class": "books",
      "unicode": "e603",
      "unicode_decimal": 58883
    },
    {
      "icon_id": "634574",
      "name": "图书馆_library12",
      "font_class": "tushuguanlibrary12",
      "unicode": "e701",
      "unicode_decimal": 59137
    },
    {
      "icon_id": "648782",
      "name": "书",
      "font_class": "shu1",
      "unicode": "e625",
      "unicode_decimal": 58917
    },
    {
      "icon_id": "680987",
      "name": "书",
      "font_class": "shu2",
      "unicode": "e726",
      "unicode_decimal": 59174
    },
    {
      "icon_id": "683287",
      "name": "书",
      "font_class": "shu3",
      "unicode": "e662",
      "unicode_decimal": 58978
    },
    {
      "icon_id": "970780",
      "name": "太阳",
      "font_class": "taiyang-copy",
      "unicode": "e64c",
      "unicode_decimal": 58956
    },
    {
      "icon_id": "1177735",
      "name": "书",
      "font_class": "shu4",
      "unicode": "e633",
      "unicode_decimal": 58931
    },
    {
      "icon_id": "1724899",
      "name": "月亮",
      "font_class": "yueliang",
      "unicode": "e612",
      "unicode_decimal": 58898
    },
    {
      "icon_id": "2012069",
      "name": "书",
      "font_class": "shu5",
      "unicode": "e607",
      "unicode_decimal": 58887
    },
    {
      "icon_id": "2151369",
      "name": "书架",
      "font_class": "shujia",
      "unicode": "e60a",
      "unicode_decimal": 58890
    },
    {
      "icon_id": "2571142",
      "name": "书",
      "font_class": "shu6",
      "unicode": "e60c",
      "unicode_decimal": 58892
    },
    {
      "icon_id": "2932853",
      "name": "书",
      "font_class": "shu7",
      "unicode": "e809",
      "unicode_decimal": 59401
    },
    {
      "icon_id": "3217830",
      "name": "太阳",
      "font_class": "icon-",
      "unicode": "e60d",
      "unicode_decimal": 58893
    },
    {
      "icon_id": "3402343",
      "name": "月亮",
      "font_class": "yueliang1",
      "unicode": "e6b8",
      "unicode_decimal": 59064
    },
    {
      "icon_id": "3553997",
      "name": "太阳",
      "font_class": "taiyang",
      "unicode": "e663",
      "unicode_decimal": 58979
    },
    {
      "icon_id": "3868263",
      "name": "编辑",
      "font_class": "bianji",
      "unicode": "eb61",
      "unicode_decimal": 60257
    },
    {
      "icon_id": "3868276",
      "name": "使用文档",
      "font_class": "shiyongwendang",
      "unicode": "eb66",
      "unicode_decimal": 60262
    },
    {
      "icon_id": "3868282",
      "name": "应用管理",
      "font_class": "yingyongguanli",
      "unicode": "eb67",
      "unicode_decimal": 60263
    },
    {
      "icon_id": "4118038",
      "name": "关闭",
      "font_class": "guanbi",
      "unicode": "eb6a",
      "unicode_decimal": 60266
    },
    {
      "icon_id": "4139287",
      "name": "夜晚月亮",
      "font_class": "lkingboyewanyueliang",
      "unicode": "e602",
      "unicode_decimal": 58882
    },
    {
      "icon_id": "4294043",
      "name": "书",
      "font_class": "shu8",
      "unicode": "e778",
      "unicode_decimal": 59256
    },
    {
      "icon_id": "4325757",
      "name": "icon_loading",
      "font_class": "icon_loading",
      "unicode": "eb80",
      "unicode_decimal": 60288
    },
    {
      "icon_id": "4347517",
      "name": "icon_疑问空心",
      "font_class": "icon_yiwenkongxin",
      "unicode": "eb89",
      "unicode_decimal": 60297
    },
    {
      "icon_id": "4347520",
      "name": "icon_添加",
      "font_class": "icon_tianjia",
      "unicode": "eb8a",
      "unicode_decimal": 60298
    },
    {
      "icon_id": "4347521",
      "name": "icon_预览",
      "font_class": "icon_yulan",
      "unicode": "eb8b",
      "unicode_decimal": 60299
    },
    {
      "icon_id": "4347522",
      "name": "icon_账号",
      "font_class": "icon_zhanghao",
      "unicode": "eb8c",
      "unicode_decimal": 60300
    },
    {
      "icon_id": "4347549",
      "name": "icon_设置",
      "font_class": "icon_shezhi",
      "unicode": "eb8d",
      "unicode_decimal": 60301
    },
    {
      "icon_id": "4347578",
      "name": "icon_保存",
      "font_class": "icon_baocun",
      "unicode": "eb8e",
      "unicode_decimal": 60302
    },
    {
      "icon_id": "4347582",
      "name": "icon_应用管理",
      "font_class": "icon_yingyongguanli",
      "unicode": "eb8f",
      "unicode_decimal": 60303
    },
    {
      "icon_id": "4354249",
      "name": "形状-矩形",
      "font_class": "xingzhuang-juxing",
      "unicode": "eb97",
      "unicode_decimal": 60311
    },
    {
      "icon_id": "4354250",
      "name": "形状-箭形",
      "font_class": "xingzhuang-jianxing",
      "unicode": "eb98",
      "unicode_decimal": 60312
    },
    {
      "icon_id": "4354251",
      "name": "工业组件-开关",
      "font_class": "gongyezujian-kaiguan",
      "unicode": "eb99",
      "unicode_decimal": 60313
    },
    {
      "icon_id": "4354255",
      "name": "形状-椭圆形",
      "font_class": "xingzhuang-tuoyuanxing",
      "unicode": "eb9a",
      "unicode_decimal": 60314
    },
    {
      "icon_id": "4354256",
      "name": "形状-三角形",
      "font_class": "xingzhuang-sanjiaoxing",
      "unicode": "eb9b",
      "unicode_decimal": 60315
    },
    {
      "icon_id": "4354257",
      "name": "形状-星形",
      "font_class": "xingzhuang-xingxing",
      "unicode": "eb9c",
      "unicode_decimal": 60316
    },
    {
      "icon_id": "4570294",
      "name": "打开",
      "font_class": "dakai",
      "unicode": "ebdf",
      "unicode_decimal": 60383
    },
    {
      "icon_id": "4583613",
      "name": "空心对勾",
      "font_class": "kongxinduigou",
      "unicode": "ebe5",
      "unicode_decimal": 60389
    },
    {
      "icon_id": "4611764",
      "name": "回形针",
      "font_class": "huixingzhen",
      "unicode": "ebe6",
      "unicode_decimal": 60390
    },
    {
      "icon_id": "4611765",
      "name": "对勾",
      "font_class": "duigou",
      "unicode": "ebe7",
      "unicode_decimal": 60391
    },
    {
      "icon_id": "4624184",
      "name": "下一步",
      "font_class": "xiayibu",
      "unicode": "ebef",
      "unicode_decimal": 60399
    },
    {
      "icon_id": "4624185",
      "name": "上一步",
      "font_class": "shangyibu",
      "unicode": "ebf0",
      "unicode_decimal": 60400
    },
    {
      "icon_id": "4624187",
      "name": "控件选中",
      "font_class": "kongjianxuanzhong",
      "unicode": "ebf1",
      "unicode_decimal": 60401
    },
    {
      "icon_id": "4624217",
      "name": "控件未选",
      "font_class": "kongjianweixuan",
      "unicode": "ebf2",
      "unicode_decimal": 60402
    },
    {
      "icon_id": "4624218",
      "name": "控件已选",
      "font_class": "kongjianyixuan",
      "unicode": "ebf3",
      "unicode_decimal": 60403
    },
    {
      "icon_id": "4639631",
      "name": "加入书架",
      "font_class": "jiarushujia_01",
      "unicode": "e65d",
      "unicode_decimal": 58973
    },
    {
      "icon_id": "4682882",
      "name": "方块+",
      "font_class": "fangkuai",
      "unicode": "ec06",
      "unicode_decimal": 60422
    },
    {
      "icon_id": "4682890",
      "name": "方块-",
      "font_class": "fangkuai-",
      "unicode": "ec07",
      "unicode_decimal": 60423
    },
    {
      "icon_id": "4686545",
      "name": "刷新",
      "font_class": "shuaxin",
      "unicode": "ec08",
      "unicode_decimal": 60424
    },
    {
      "icon_id": "4686546",
      "name": "保存",
      "font_class": "baocun",
      "unicode": "ec09",
      "unicode_decimal": 60425
    },
    {
      "icon_id": "4686547",
      "name": "发布",
      "font_class": "fabu",
      "unicode": "ec0a",
      "unicode_decimal": 60426
    },
    {
      "icon_id": "4686548",
      "name": "下一步",
      "font_class": "xiayibu1",
      "unicode": "ec0b",
      "unicode_decimal": 60427
    },
    {
      "icon_id": "4686549",
      "name": "上一步",
      "font_class": "shangyibu1",
      "unicode": "ec0c",
      "unicode_decimal": 60428
    },
    {
      "icon_id": "4765721",
      "name": "check-circle",
      "font_class": "check-circle",
      "unicode": "e77d",
      "unicode_decimal": 59261
    },
    {
      "icon_id": "4765725",
      "name": "close-circle",
      "font_class": "close-circle",
      "unicode": "e77e",
      "unicode_decimal": 59262
    },
    {
      "icon_id": "4765726",
      "name": "frown",
      "font_class": "frown",
      "unicode": "e77f",
      "unicode_decimal": 59263
    },
    {
      "icon_id": "4765727",
      "name": "info-circle",
      "font_class": "info-circle",
      "unicode": "e780",
      "unicode_decimal": 59264
    },
    {
      "icon_id": "4765728",
      "name": "left-circle",
      "font_class": "left-circle",
      "unicode": "e781",
      "unicode_decimal": 59265
    },
    {
      "icon_id": "4765729",
      "name": "down-circle",
      "font_class": "down-circle",
      "unicode": "e782",
      "unicode_decimal": 59266
    },
    {
      "icon_id": "4765732",
      "name": "minus-circle",
      "font_class": "minus-circle",
      "unicode": "e783",
      "unicode_decimal": 59267
    },
    {
      "icon_id": "4765733",
      "name": "meh",
      "font_class": "meh",
      "unicode": "e784",
      "unicode_decimal": 59268
    },
    {
      "icon_id": "4765734",
      "name": "plus-circle",
      "font_class": "plus-circle",
      "unicode": "e785",
      "unicode_decimal": 59269
    },
    {
      "icon_id": "4765735",
      "name": "play-circle",
      "font_class": "play-circle",
      "unicode": "e786",
      "unicode_decimal": 59270
    },
    {
      "icon_id": "4765736",
      "name": "question-circle",
      "font_class": "question-circle",
      "unicode": "e787",
      "unicode_decimal": 59271
    },
    {
      "icon_id": "4765738",
      "name": "right-circle",
      "font_class": "right-circle",
      "unicode": "e788",
      "unicode_decimal": 59272
    },
    {
      "icon_id": "4765739",
      "name": "smile",
      "font_class": "smile",
      "unicode": "e789",
      "unicode_decimal": 59273
    },
    {
      "icon_id": "4765740",
      "name": "trademark",
      "font_class": "trademark",
      "unicode": "e78a",
      "unicode_decimal": 59274
    },
    {
      "icon_id": "4765741",
      "name": "time-circle",
      "font_class": "time-circle",
      "unicode": "e78b",
      "unicode_decimal": 59275
    },
    {
      "icon_id": "4765742",
      "name": "time out",
      "font_class": "timeout",
      "unicode": "e78c",
      "unicode_decimal": 59276
    },
    {
      "icon_id": "4765743",
      "name": "earth",
      "font_class": "earth",
      "unicode": "e78d",
      "unicode_decimal": 59277
    },
    {
      "icon_id": "4765745",
      "name": "up-circle",
      "font_class": "up-circle",
      "unicode": "e78e",
      "unicode_decimal": 59278
    },
    {
      "icon_id": "4765746",
      "name": "warning-circle",
      "font_class": "warning-circle",
      "unicode": "e78f",
      "unicode_decimal": 59279
    },
    {
      "icon_id": "4765811",
      "name": "sync",
      "font_class": "sync",
      "unicode": "e790",
      "unicode_decimal": 59280
    },
    {
      "icon_id": "4765837",
      "name": "undo",
      "font_class": "undo",
      "unicode": "e791",
      "unicode_decimal": 59281
    },
    {
      "icon_id": "4765838",
      "name": "redo",
      "font_class": "redo",
      "unicode": "e792",
      "unicode_decimal": 59282
    },
    {
      "icon_id": "4765852",
      "name": "reload",
      "font_class": "reload",
      "unicode": "e793",
      "unicode_decimal": 59283
    },
    {
      "icon_id": "4765853",
      "name": "reload time",
      "font_class": "reloadtime",
      "unicode": "e794",
      "unicode_decimal": 59284
    },
    {
      "icon_id": "4765866",
      "name": "message",
      "font_class": "message",
      "unicode": "e795",
      "unicode_decimal": 59285
    },
    {
      "icon_id": "4765887",
      "name": "poweroff",
      "font_class": "poweroff",
      "unicode": "e796",
      "unicode_decimal": 59286
    },
    {
      "icon_id": "4765888",
      "name": "logout",
      "font_class": "logout",
      "unicode": "e797",
      "unicode_decimal": 59287
    },
    {
      "icon_id": "4765891",
      "name": "setting",
      "font_class": "setting",
      "unicode": "e798",
      "unicode_decimal": 59288
    },
    {
      "icon_id": "4765896",
      "name": "eye",
      "font_class": "eye",
      "unicode": "e799",
      "unicode_decimal": 59289
    },
    {
      "icon_id": "4765897",
      "name": "location",
      "font_class": "location",
      "unicode": "e79a",
      "unicode_decimal": 59290
    },
    {
      "icon_id": "4765957",
      "name": "edit-square",
      "font_class": "edit-square",
      "unicode": "e79b",
      "unicode_decimal": 59291
    },
    {
      "icon_id": "4765958",
      "name": "export",
      "font_class": "export",
      "unicode": "e79c",
      "unicode_decimal": 59292
    },
    {
      "icon_id": "4765959",
      "name": "save",
      "font_class": "save",
      "unicode": "e79d",
      "unicode_decimal": 59293
    },
    {
      "icon_id": "4765960",
      "name": "Import",
      "font_class": "Import",
      "unicode": "e79e",
      "unicode_decimal": 59294
    },
    {
      "icon_id": "4765962",
      "name": "app store",
      "font_class": "appstore",
      "unicode": "e79f",
      "unicode_decimal": 59295
    },
    {
      "icon_id": "4765964",
      "name": "close-square",
      "font_class": "close-square",
      "unicode": "e7a0",
      "unicode_decimal": 59296
    },
    {
      "icon_id": "4765965",
      "name": "down-square",
      "font_class": "down-square",
      "unicode": "e7a1",
      "unicode_decimal": 59297
    },
    {
      "icon_id": "4765967",
      "name": "left-square",
      "font_class": "left-square",
      "unicode": "e7a2",
      "unicode_decimal": 59298
    },
    {
      "icon_id": "4765968",
      "name": "play-square",
      "font_class": "play-square",
      "unicode": "e7a3",
      "unicode_decimal": 59299
    },
    {
      "icon_id": "4765969",
      "name": "control",
      "font_class": "control",
      "unicode": "e7a4",
      "unicode_decimal": 59300
    },
    {
      "icon_id": "4765970",
      "name": "code library",
      "font_class": "codelibrary",
      "unicode": "e7a5",
      "unicode_decimal": 59301
    },
    {
      "icon_id": "4765971",
      "name": "detail",
      "font_class": "detail",
      "unicode": "e7a6",
      "unicode_decimal": 59302
    },
    {
      "icon_id": "4765972",
      "name": "minus-square",
      "font_class": "minus-square",
      "unicode": "e7a7",
      "unicode_decimal": 59303
    },
    {
      "icon_id": "4765973",
      "name": "plus-square",
      "font_class": "plus-square",
      "unicode": "e7a8",
      "unicode_decimal": 59304
    },
    {
      "icon_id": "4765974",
      "name": "right-square",
      "font_class": "right-square",
      "unicode": "e7a9",
      "unicode_decimal": 59305
    },
    {
      "icon_id": "4765977",
      "name": "up-square",
      "font_class": "up-square",
      "unicode": "e7aa",
      "unicode_decimal": 59306
    },
    {
      "icon_id": "4765978",
      "name": "calculator",
      "font_class": "calculator",
      "unicode": "e7ab",
      "unicode_decimal": 59307
    },
    {
      "icon_id": "4766245",
      "name": "interation",
      "font_class": "interation",
      "unicode": "e7ac",
      "unicode_decimal": 59308
    },
    {
      "icon_id": "4766253",
      "name": "check-square",
      "font_class": "check-square",
      "unicode": "e7ad",
      "unicode_decimal": 59309
    },
    {
      "icon_id": "4766265",
      "name": "border",
      "font_class": "border",
      "unicode": "e7ae",
      "unicode_decimal": 59310
    },
    {
      "icon_id": "4766266",
      "name": "border-outer",
      "font_class": "border-outer",
      "unicode": "e7af",
      "unicode_decimal": 59311
    },
    {
      "icon_id": "4766268",
      "name": "border-top",
      "font_class": "border-top",
      "unicode": "e7b0",
      "unicode_decimal": 59312
    },
    {
      "icon_id": "4766269",
      "name": "border-bottom",
      "font_class": "border-bottom",
      "unicode": "e7b1",
      "unicode_decimal": 59313
    },
    {
      "icon_id": "4766270",
      "name": "border-left",
      "font_class": "border-left",
      "unicode": "e7b2",
      "unicode_decimal": 59314
    },
    {
      "icon_id": "4766271",
      "name": "border-right",
      "font_class": "border-right",
      "unicode": "e7b3",
      "unicode_decimal": 59315
    },
    {
      "icon_id": "4766276",
      "name": "border-inner",
      "font_class": "border-inner",
      "unicode": "e7b4",
      "unicode_decimal": 59316
    },
    {
      "icon_id": "4766277",
      "name": "border-verticle",
      "font_class": "border-verticle",
      "unicode": "e7b5",
      "unicode_decimal": 59317
    },
    {
      "icon_id": "4766278",
      "name": "border-horizontal",
      "font_class": "border-horizontal",
      "unicode": "e7b6",
      "unicode_decimal": 59318
    },
    {
      "icon_id": "4766282",
      "name": "radius-bottomleft",
      "font_class": "radius-bottomleft",
      "unicode": "e7b7",
      "unicode_decimal": 59319
    },
    {
      "icon_id": "4766283",
      "name": "radius-bottomright",
      "font_class": "radius-bottomright",
      "unicode": "e7b8",
      "unicode_decimal": 59320
    },
    {
      "icon_id": "4766284",
      "name": "radius-upleft",
      "font_class": "radius-upleft",
      "unicode": "e7b9",
      "unicode_decimal": 59321
    },
    {
      "icon_id": "4766285",
      "name": "radius-upright",
      "font_class": "radius-upright",
      "unicode": "e7ba",
      "unicode_decimal": 59322
    },
    {
      "icon_id": "4766286",
      "name": "radius-setting",
      "font_class": "radius-setting",
      "unicode": "e7bb",
      "unicode_decimal": 59323
    },
    {
      "icon_id": "4766289",
      "name": "add user",
      "font_class": "adduser",
      "unicode": "e7bc",
      "unicode_decimal": 59324
    },
    {
      "icon_id": "4766290",
      "name": "delete team",
      "font_class": "deleteteam",
      "unicode": "e7bd",
      "unicode_decimal": 59325
    },
    {
      "icon_id": "4766291",
      "name": "delete user",
      "font_class": "deleteuser",
      "unicode": "e7be",
      "unicode_decimal": 59326
    },
    {
      "icon_id": "4766292",
      "name": "addteam",
      "font_class": "addteam",
      "unicode": "e7bf",
      "unicode_decimal": 59327
    },
    {
      "icon_id": "4766293",
      "name": "user",
      "font_class": "user",
      "unicode": "e7c0",
      "unicode_decimal": 59328
    },
    {
      "icon_id": "4766294",
      "name": "team",
      "font_class": "team",
      "unicode": "e7c1",
      "unicode_decimal": 59329
    },
    {
      "icon_id": "4766454",
      "name": "book",
      "font_class": "book",
      "unicode": "e7c2",
      "unicode_decimal": 59330
    },
    {
      "icon_id": "4766459",
      "name": "file done",
      "font_class": "filedone",
      "unicode": "e7c3",
      "unicode_decimal": 59331
    },
    {
      "icon_id": "4766461",
      "name": "file -exception",
      "font_class": "file-exception",
      "unicode": "e7c4",
      "unicode_decimal": 59332
    },
    {
      "icon_id": "4766462",
      "name": "file sync",
      "font_class": "filesync",
      "unicode": "e7c5",
      "unicode_decimal": 59333
    },
    {
      "icon_id": "4766463",
      "name": "file search",
      "font_class": "filesearch",
      "unicode": "e7c6",
      "unicode_decimal": 59334
    },
    {
      "icon_id": "4766464",
      "name": "solution",
      "font_class": "solution",
      "unicode": "e7c7",
      "unicode_decimal": 59335
    },
    {
      "icon_id": "4766465",
      "name": "file protect",
      "font_class": "fileprotect",
      "unicode": "e7c8",
      "unicode_decimal": 59336
    },
    {
      "icon_id": "4766468",
      "name": "file-add",
      "font_class": "file-add",
      "unicode": "e7c9",
      "unicode_decimal": 59337
    },
    {
      "icon_id": "4766469",
      "name": "file-excel",
      "font_class": "file-excel",
      "unicode": "e7ca",
      "unicode_decimal": 59338
    },
    {
      "icon_id": "4766470",
      "name": "file-exclamation",
      "font_class": "file-exclamation",
      "unicode": "e7cb",
      "unicode_decimal": 59339
    },
    {
      "icon_id": "4766472",
      "name": "file-pdf",
      "font_class": "file-pdf",
      "unicode": "e7cc",
      "unicode_decimal": 59340
    },
    {
      "icon_id": "4766473",
      "name": "file-image",
      "font_class": "file-image",
      "unicode": "e7cd",
      "unicode_decimal": 59341
    },
    {
      "icon_id": "4766474",
      "name": "file-markdown",
      "font_class": "file-markdown",
      "unicode": "e7ce",
      "unicode_decimal": 59342
    },
    {
      "icon_id": "4766475",
      "name": "file-unknown",
      "font_class": "file-unknown",
      "unicode": "e7cf",
      "unicode_decimal": 59343
    },
    {
      "icon_id": "4766476",
      "name": "file-ppt",
      "font_class": "file-ppt",
      "unicode": "e7d0",
      "unicode_decimal": 59344
    },
    {
      "icon_id": "4766477",
      "name": "file-word",
      "font_class": "file-word",
      "unicode": "e7d1",
      "unicode_decimal": 59345
    },
    {
      "icon_id": "4766478",
      "name": "file",
      "font_class": "file",
      "unicode": "e7d2",
      "unicode_decimal": 59346
    },
    {
      "icon_id": "4766479",
      "name": "file-zip",
      "font_class": "file-zip",
      "unicode": "e7d3",
      "unicode_decimal": 59347
    },
    {
      "icon_id": "4766480",
      "name": "file-text",
      "font_class": "file-text",
      "unicode": "e7d4",
      "unicode_decimal": 59348
    },
    {
      "icon_id": "4766481",
      "name": "file-copy",
      "font_class": "file-copy",
      "unicode": "e7d5",
      "unicode_decimal": 59349
    },
    {
      "icon_id": "4766513",
      "name": "safety certificate",
      "font_class": "safetycertificate",
      "unicode": "e7d6",
      "unicode_decimal": 59350
    },
    {
      "icon_id": "4766676",
      "name": "delete",
      "font_class": "delete",
      "unicode": "e7d7",
      "unicode_decimal": 59351
    },
    {
      "icon_id": "4766684",
      "name": "skin",
      "font_class": "skin",
      "unicode": "e7d8",
      "unicode_decimal": 59352
    },
    {
      "icon_id": "4766685",
      "name": "home",
      "font_class": "home",
      "unicode": "e7d9",
      "unicode_decimal": 59353
    },
    {
      "icon_id": "4766692",
      "name": "like",
      "font_class": "like",
      "unicode": "e7da",
      "unicode_decimal": 59354
    },
    {
      "icon_id": "4766693",
      "name": "unlike",
      "font_class": "unlike",
      "unicode": "e7db",
      "unicode_decimal": 59355
    },
    {
      "icon_id": "4766694",
      "name": "unlock",
      "font_class": "unlock",
      "unicode": "e7dc",
      "unicode_decimal": 59356
    },
    {
      "icon_id": "4766695",
      "name": "lock",
      "font_class": "lock",
      "unicode": "e7dd",
      "unicode_decimal": 59357
    },
    {
      "icon_id": "4766778",
      "name": "rocket",
      "font_class": "rocket",
      "unicode": "e7de",
      "unicode_decimal": 59358
    },
    {
      "icon_id": "4766779",
      "name": "shopping",
      "font_class": "shopping",
      "unicode": "e7df",
      "unicode_decimal": 59359
    },
    {
      "icon_id": "4766846",
      "name": "folder",
      "font_class": "folder",
      "unicode": "e7e0",
      "unicode_decimal": 59360
    },
    {
      "icon_id": "4766847",
      "name": "folder-open",
      "font_class": "folder-open",
      "unicode": "e7e1",
      "unicode_decimal": 59361
    },
    {
      "icon_id": "4766848",
      "name": "folder-add",
      "font_class": "folder-add",
      "unicode": "e7e2",
      "unicode_decimal": 59362
    },
    {
      "icon_id": "4766861",
      "name": "scan",
      "font_class": "scan",
      "unicode": "e7e3",
      "unicode_decimal": 59363
    },
    {
      "icon_id": "4766888",
      "name": "read",
      "font_class": "read",
      "unicode": "e7e4",
      "unicode_decimal": 59364
    },
    {
      "icon_id": "4766901",
      "name": "cloud-upload",
      "font_class": "cloud-upload",
      "unicode": "e7e5",
      "unicode_decimal": 59365
    },
    {
      "icon_id": "4766902",
      "name": "cloud",
      "font_class": "cloud",
      "unicode": "e7e6",
      "unicode_decimal": 59366
    },
    {
      "icon_id": "4766903",
      "name": "cloud-download",
      "font_class": "cloud-download",
      "unicode": "e7e7",
      "unicode_decimal": 59367
    },
    {
      "icon_id": "4766904",
      "name": "cloud-sync",
      "font_class": "cloud-sync",
      "unicode": "e7e8",
      "unicode_decimal": 59368
    },
    {
      "icon_id": "4766918",
      "name": "mail",
      "font_class": "mail",
      "unicode": "e7e9",
      "unicode_decimal": 59369
    },
    {
      "icon_id": "4766951",
      "name": "heart",
      "font_class": "heart",
      "unicode": "e7ea",
      "unicode_decimal": 59370
    },
    {
      "icon_id": "4766954",
      "name": "star",
      "font_class": "star",
      "unicode": "e7eb",
      "unicode_decimal": 59371
    },
    {
      "icon_id": "4766959",
      "name": "edit",
      "font_class": "edit",
      "unicode": "e7ec",
      "unicode_decimal": 59372
    },
    {
      "icon_id": "4766960",
      "name": "key",
      "font_class": "key",
      "unicode": "e7ed",
      "unicode_decimal": 59373
    },
    {
      "icon_id": "4766972",
      "name": "tag",
      "font_class": "tag",
      "unicode": "e7ee",
      "unicode_decimal": 59374
    },
    {
      "icon_id": "4766973",
      "name": "wrench",
      "font_class": "wrench",
      "unicode": "e7ef",
      "unicode_decimal": 59375
    },
    {
      "icon_id": "4766982",
      "name": "scissor",
      "font_class": "scissor",
      "unicode": "e7f0",
      "unicode_decimal": 59376
    },
    {
      "icon_id": "4766985",
      "name": "share",
      "font_class": "share",
      "unicode": "e7f1",
      "unicode_decimal": 59377
    },
    {
      "icon_id": "4766986",
      "name": "branches",
      "font_class": "branches",
      "unicode": "e7f2",
      "unicode_decimal": 59378
    },
    {
      "icon_id": "4767006",
      "name": "shrink",
      "font_class": "shrink",
      "unicode": "e7f3",
      "unicode_decimal": 59379
    },
    {
      "icon_id": "4767007",
      "name": "arrawsalt",
      "font_class": "arrawsalt",
      "unicode": "e7f4",
      "unicode_decimal": 59380
    },
    {
      "icon_id": "4767010",
      "name": "vertical left",
      "font_class": "verticalleft",
      "unicode": "e7f5",
      "unicode_decimal": 59381
    },
    {
      "icon_id": "4767011",
      "name": "right",
      "font_class": "right",
      "unicode": "e7f6",
      "unicode_decimal": 59382
    },
    {
      "icon_id": "4767012",
      "name": "left",
      "font_class": "left",
      "unicode": "e7f7",
      "unicode_decimal": 59383
    },
    {
      "icon_id": "4767013",
      "name": "up",
      "font_class": "up",
      "unicode": "e7f8",
      "unicode_decimal": 59384
    },
    {
      "icon_id": "4767014",
      "name": "down",
      "font_class": "down",
      "unicode": "e7f9",
      "unicode_decimal": 59385
    },
    {
      "icon_id": "4767015",
      "name": "fullscreen",
      "font_class": "fullscreen",
      "unicode": "e7fa",
      "unicode_decimal": 59386
    },
    {
      "icon_id": "4767016",
      "name": "fullscreen-exit",
      "font_class": "fullscreen-exit",
      "unicode": "e7fb",
      "unicode_decimal": 59387
    },
    {
      "icon_id": "4767018",
      "name": "doubleleft",
      "font_class": "doubleleft",
      "unicode": "e7fc",
      "unicode_decimal": 59388
    },
    {
      "icon_id": "4767019",
      "name": "double right",
      "font_class": "doubleright",
      "unicode": "e7fd",
      "unicode_decimal": 59389
    },
    {
      "icon_id": "4767020",
      "name": "arrowright",
      "font_class": "arrowright",
      "unicode": "e7fe",
      "unicode_decimal": 59390
    },
    {
      "icon_id": "4767021",
      "name": "arrowup",
      "font_class": "arrowup",
      "unicode": "e7ff",
      "unicode_decimal": 59391
    },
    {
      "icon_id": "4767022",
      "name": "arrowleft",
      "font_class": "arrowleft",
      "unicode": "e800",
      "unicode_decimal": 59392
    },
    {
      "icon_id": "4767023",
      "name": "arrowdown",
      "font_class": "arrowdown",
      "unicode": "e801",
      "unicode_decimal": 59393
    },
    {
      "icon_id": "4767025",
      "name": "upload",
      "font_class": "upload",
      "unicode": "e802",
      "unicode_decimal": 59394
    },
    {
      "icon_id": "4767026",
      "name": "colum-height",
      "font_class": "colum-height",
      "unicode": "e803",
      "unicode_decimal": 59395
    },
    {
      "icon_id": "4767027",
      "name": "vertical-align-botto",
      "font_class": "vertical-align-botto",
      "unicode": "e804",
      "unicode_decimal": 59396
    },
    {
      "icon_id": "4767028",
      "name": "vertical-align-middl",
      "font_class": "vertical-align-middl",
      "unicode": "e805",
      "unicode_decimal": 59397
    },
    {
      "icon_id": "4767029",
      "name": "totop",
      "font_class": "totop",
      "unicode": "e806",
      "unicode_decimal": 59398
    },
    {
      "icon_id": "4767030",
      "name": "vertical-align-top",
      "font_class": "vertical-align-top",
      "unicode": "e807",
      "unicode_decimal": 59399
    },
    {
      "icon_id": "4767031",
      "name": "download",
      "font_class": "download",
      "unicode": "e808",
      "unicode_decimal": 59400
    },
    {
      "icon_id": "4767050",
      "name": "indent",
      "font_class": "indent",
      "unicode": "e80a",
      "unicode_decimal": 59402
    },
    {
      "icon_id": "4767051",
      "name": "outdent",
      "font_class": "outdent",
      "unicode": "e80b",
      "unicode_decimal": 59403
    },
    {
      "icon_id": "4767059",
      "name": "menu",
      "font_class": "menu",
      "unicode": "e80c",
      "unicode_decimal": 59404
    },
    {
      "icon_id": "4767060",
      "name": "unordered list",
      "font_class": "unorderedlist",
      "unicode": "e80d",
      "unicode_decimal": 59405
    },
    {
      "icon_id": "4767061",
      "name": "ordered list",
      "font_class": "orderedlist",
      "unicode": "e80e",
      "unicode_decimal": 59406
    },
    {
      "icon_id": "4767080",
      "name": "exclaimination",
      "font_class": "exclaimination",
      "unicode": "e80f",
      "unicode_decimal": 59407
    },
    {
      "icon_id": "4767082",
      "name": "infomation",
      "font_class": "infomation",
      "unicode": "e810",
      "unicode_decimal": 59408
    },
    {
      "icon_id": "4767093",
      "name": "check",
      "font_class": "check",
      "unicode": "e811",
      "unicode_decimal": 59409
    },
    {
      "icon_id": "4767094",
      "name": "ellipsis",
      "font_class": "ellipsis",
      "unicode": "e812",
      "unicode_decimal": 59410
    },
    {
      "icon_id": "4767095",
      "name": "dash",
      "font_class": "dash",
      "unicode": "e813",
      "unicode_decimal": 59411
    },
    {
      "icon_id": "4767096",
      "name": "close",
      "font_class": "close",
      "unicode": "e814",
      "unicode_decimal": 59412
    },
    {
      "icon_id": "4767097",
      "name": "enter",
      "font_class": "enter",
      "unicode": "e815",
      "unicode_decimal": 59413
    },
    {
      "icon_id": "4767100",
      "name": "question",
      "font_class": "question",
      "unicode": "e816",
      "unicode_decimal": 59414
    },
    {
      "icon_id": "4767102",
      "name": "rollback",
      "font_class": "rollback",
      "unicode": "e817",
      "unicode_decimal": 59415
    },
    {
      "icon_id": "4767104",
      "name": "pause",
      "font_class": "pause",
      "unicode": "e818",
      "unicode_decimal": 59416
    },
    {
      "icon_id": "4777227",
      "name": "缩小",
      "font_class": "suoxiao",
      "unicode": "ec13",
      "unicode_decimal": 60435
    },
    {
      "icon_id": "4777229",
      "name": "放大",
      "font_class": "fangda",
      "unicode": "ec14",
      "unicode_decimal": 60436
    },
    {
      "icon_id": "4777231",
      "name": "还原画布",
      "font_class": "huanyuanhuabu",
      "unicode": "ec15",
      "unicode_decimal": 60437
    },
    {
      "icon_id": "4777232",
      "name": "全屏",
      "font_class": "quanping",
      "unicode": "ec16",
      "unicode_decimal": 60438
    },
    {
      "icon_id": "4893191",
      "name": "文件夹",
      "font_class": "wenjianjia",
      "unicode": "ec17",
      "unicode_decimal": 60439
    },
    {
      "icon_id": "4932635",
      "name": "云端下载",
      "font_class": "yunduanxiazai",
      "unicode": "ec1d",
      "unicode_decimal": 60445
    },
    {
      "icon_id": "4932636",
      "name": "云端上传",
      "font_class": "yunduanshangchuan",
      "unicode": "ec1e",
      "unicode_decimal": 60446
    },
    {
      "icon_id": "4933143",
      "name": "书籍02",
      "font_class": "shuji1",
      "unicode": "e6c3",
      "unicode_decimal": 59075
    },
    {
      "icon_id": "4933150",
      "name": "书籍刷新",
      "font_class": "shujishuaxin",
      "unicode": "e6c5",
      "unicode_decimal": 59077
    },
    {
      "icon_id": "4936455",
      "name": "crown",
      "font_class": "crown",
      "unicode": "e842",
      "unicode_decimal": 59458
    },
    {
      "icon_id": "4936456",
      "name": "drag",
      "font_class": "drag",
      "unicode": "e843",
      "unicode_decimal": 59459
    },
    {
      "icon_id": "4936458",
      "name": "gift",
      "font_class": "gift",
      "unicode": "e844",
      "unicode_decimal": 59460
    },
    {
      "icon_id": "4936459",
      "name": "stop",
      "font_class": "stop",
      "unicode": "e845",
      "unicode_decimal": 59461
    },
    {
      "icon_id": "4936478",
      "name": "check-circle-fill",
      "font_class": "check-circle-fill",
      "unicode": "e846",
      "unicode_decimal": 59462
    },
    {
      "icon_id": "4936479",
      "name": "left-circle-fill",
      "font_class": "left-circle-fill",
      "unicode": "e847",
      "unicode_decimal": 59463
    },
    {
      "icon_id": "4936480",
      "name": "down-circle-fill",
      "font_class": "down-circle-fill",
      "unicode": "e848",
      "unicode_decimal": 59464
    },
    {
      "icon_id": "4936481",
      "name": "minus-circle-fill",
      "font_class": "minus-circle-fill",
      "unicode": "e849",
      "unicode_decimal": 59465
    },
    {
      "icon_id": "4936482",
      "name": "close-circle-fill",
      "font_class": "close-circle-fill",
      "unicode": "e84a",
      "unicode_decimal": 59466
    },
    {
      "icon_id": "4936483",
      "name": "info-circle-fill",
      "font_class": "info-circle-fill",
      "unicode": "e84b",
      "unicode_decimal": 59467
    },
    {
      "icon_id": "4936484",
      "name": "up-circle-fill",
      "font_class": "up-circle-fill",
      "unicode": "e84c",
      "unicode_decimal": 59468
    },
    {
      "icon_id": "4936485",
      "name": "right-circle-fill",
      "font_class": "right-circle-fill",
      "unicode": "e84d",
      "unicode_decimal": 59469
    },
    {
      "icon_id": "4936486",
      "name": "plus-circle-fill",
      "font_class": "plus-circle-fill",
      "unicode": "e84e",
      "unicode_decimal": 59470
    },
    {
      "icon_id": "4936487",
      "name": "question-circle-fill",
      "font_class": "question-circle-fill",
      "unicode": "e84f",
      "unicode_decimal": 59471
    },
    {
      "icon_id": "4936500",
      "name": "frown-fill",
      "font_class": "frown-fill",
      "unicode": "e850",
      "unicode_decimal": 59472
    },
    {
      "icon_id": "4936505",
      "name": "poweroff-circle-fill",
      "font_class": "poweroff-circle-fill",
      "unicode": "e851",
      "unicode_decimal": 59473
    },
    {
      "icon_id": "4936506",
      "name": "meh-fill",
      "font_class": "meh-fill",
      "unicode": "e852",
      "unicode_decimal": 59474
    },
    {
      "icon_id": "4936507",
      "name": "play-circle-fill",
      "font_class": "play-circle-fill",
      "unicode": "e853",
      "unicode_decimal": 59475
    },
    {
      "icon_id": "4936509",
      "name": "smile-fill",
      "font_class": "smile-fill",
      "unicode": "e854",
      "unicode_decimal": 59476
    },
    {
      "icon_id": "4936510",
      "name": "stop-fill",
      "font_class": "stop-fill",
      "unicode": "e855",
      "unicode_decimal": 59477
    },
    {
      "icon_id": "4936511",
      "name": "warning-circle-fill",
      "font_class": "warning-circle-fill",
      "unicode": "e856",
      "unicode_decimal": 59478
    },
    {
      "icon_id": "4936519",
      "name": "heart-fill",
      "font_class": "heart-fill",
      "unicode": "e857",
      "unicode_decimal": 59479
    },
    {
      "icon_id": "4936529",
      "name": "check-square-fill",
      "font_class": "check-square-fill",
      "unicode": "e858",
      "unicode_decimal": 59480
    },
    {
      "icon_id": "4936530",
      "name": "down-square-fill",
      "font_class": "down-square-fill",
      "unicode": "e859",
      "unicode_decimal": 59481
    },
    {
      "icon_id": "4936531",
      "name": "minus-square-fill",
      "font_class": "minus-square-fill",
      "unicode": "e85a",
      "unicode_decimal": 59482
    },
    {
      "icon_id": "4936532",
      "name": "close-square-fill",
      "font_class": "close-square-fill",
      "unicode": "e85b",
      "unicode_decimal": 59483
    },
    {
      "icon_id": "4936534",
      "name": "left-square-fill",
      "font_class": "left-square-fill",
      "unicode": "e85c",
      "unicode_decimal": 59484
    },
    {
      "icon_id": "4936535",
      "name": "play-square-fill",
      "font_class": "play-square-fill",
      "unicode": "e85d",
      "unicode_decimal": 59485
    },
    {
      "icon_id": "4936536",
      "name": "up-square-fill",
      "font_class": "up-square-fill",
      "unicode": "e85e",
      "unicode_decimal": 59486
    },
    {
      "icon_id": "4936537",
      "name": "right-square-fill",
      "font_class": "right-square-fill",
      "unicode": "e85f",
      "unicode_decimal": 59487
    },
    {
      "icon_id": "4936538",
      "name": "plus-square-fill",
      "font_class": "plus-square-fill",
      "unicode": "e860",
      "unicode_decimal": 59488
    },
    {
      "icon_id": "4936543",
      "name": "carry out-fill",
      "font_class": "carryout-fill",
      "unicode": "e861",
      "unicode_decimal": 59489
    },
    {
      "icon_id": "4936545",
      "name": "calculator-fill",
      "font_class": "calculator-fill",
      "unicode": "e862",
      "unicode_decimal": 59490
    },
    {
      "icon_id": "4936546",
      "name": "interation-fill",
      "font_class": "interation-fill",
      "unicode": "e863",
      "unicode_decimal": 59491
    },
    {
      "icon_id": "4936575",
      "name": "save-fill",
      "font_class": "save-fill",
      "unicode": "e864",
      "unicode_decimal": 59492
    },
    {
      "icon_id": "4936577",
      "name": "control-fill",
      "font_class": "control-fill",
      "unicode": "e865",
      "unicode_decimal": 59493
    },
    {
      "icon_id": "4936584",
      "name": "app store-fill",
      "font_class": "appstore-fill",
      "unicode": "e866",
      "unicode_decimal": 59494
    },
    {
      "icon_id": "4936587",
      "name": "book-fill",
      "font_class": "book-fill",
      "unicode": "e867",
      "unicode_decimal": 59495
    },
    {
      "icon_id": "4936602",
      "name": "file-exclamation-fil",
      "font_class": "file-exclamation-fil",
      "unicode": "e868",
      "unicode_decimal": 59496
    },
    {
      "icon_id": "4936604",
      "name": "file-add-fill",
      "font_class": "file-add-fill",
      "unicode": "e869",
      "unicode_decimal": 59497
    },
    {
      "icon_id": "4936605",
      "name": "file-fill",
      "font_class": "file-fill",
      "unicode": "e86a",
      "unicode_decimal": 59498
    },
    {
      "icon_id": "4936606",
      "name": "file-excel-fill",
      "font_class": "file-excel-fill",
      "unicode": "e86b",
      "unicode_decimal": 59499
    },
    {
      "icon_id": "4936610",
      "name": "file-unknown-fill",
      "font_class": "file-unknown-fill",
      "unicode": "e86c",
      "unicode_decimal": 59500
    },
    {
      "icon_id": "4936618",
      "name": "file-copy-fill",
      "font_class": "file-copy-fill",
      "unicode": "e86d",
      "unicode_decimal": 59501
    },
    {
      "icon_id": "4936622",
      "name": "folder-add-fill",
      "font_class": "folder-add-fill",
      "unicode": "e86e",
      "unicode_decimal": 59502
    },
    {
      "icon_id": "4936623",
      "name": "folder-fill",
      "font_class": "folder-fill",
      "unicode": "e86f",
      "unicode_decimal": 59503
    },
    {
      "icon_id": "4936624",
      "name": "folder-open-fill",
      "font_class": "folder-open-fill",
      "unicode": "e870",
      "unicode_decimal": 59504
    },
    {
      "icon_id": "4936635",
      "name": "read-fill",
      "font_class": "read-fill",
      "unicode": "e871",
      "unicode_decimal": 59505
    },
    {
      "icon_id": "4936637",
      "name": "delete-fill",
      "font_class": "delete-fill",
      "unicode": "e872",
      "unicode_decimal": 59506
    },
    {
      "icon_id": "4936642",
      "name": "rest-fill",
      "font_class": "rest-fill",
      "unicode": "e873",
      "unicode_decimal": 59507
    },
    {
      "icon_id": "4936656",
      "name": "home-fill",
      "font_class": "home-fill",
      "unicode": "e874",
      "unicode_decimal": 59508
    },
    {
      "icon_id": "4936665",
      "name": "cloud-fill",
      "font_class": "cloud-fill",
      "unicode": "e875",
      "unicode_decimal": 59509
    },
    {
      "icon_id": "4936669",
      "name": "like-fill",
      "font_class": "like-fill",
      "unicode": "e876",
      "unicode_decimal": 59510
    },
    {
      "icon_id": "4936671",
      "name": "lock-fill",
      "font_class": "lock-fill",
      "unicode": "e877",
      "unicode_decimal": 59511
    },
    {
      "icon_id": "4936672",
      "name": "unlike-fill",
      "font_class": "unlike-fill",
      "unicode": "e878",
      "unicode_decimal": 59512
    },
    {
      "icon_id": "4936673",
      "name": "star-fill",
      "font_class": "star-fill",
      "unicode": "e879",
      "unicode_decimal": 59513
    },
    {
      "icon_id": "4936674",
      "name": "unlock-fill",
      "font_class": "unlock-fill",
      "unicode": "e87a",
      "unicode_decimal": 59514
    },
    {
      "icon_id": "4936681",
      "name": "rocket-fill",
      "font_class": "rocket-fill",
      "unicode": "e87b",
      "unicode_decimal": 59515
    },
    {
      "icon_id": "4936683",
      "name": "tag-fill",
      "font_class": "tag-fill",
      "unicode": "e87c",
      "unicode_decimal": 59516
    },
    {
      "icon_id": "4936684",
      "name": "wrench-fill",
      "font_class": "wrench-fill",
      "unicode": "e87d",
      "unicode_decimal": 59517
    },
    {
      "icon_id": "4936685",
      "name": "tags-fill",
      "font_class": "tags-fill",
      "unicode": "e87e",
      "unicode_decimal": 59518
    },
    {
      "icon_id": "4936694",
      "name": "setting-fill",
      "font_class": "setting-fill",
      "unicode": "e87f",
      "unicode_decimal": 59519
    },
    {
      "icon_id": "5024130",
      "name": "书架 书柜",
      "font_class": "shujiashugui",
      "unicode": "e61d",
      "unicode_decimal": 58909
    },
    {
      "icon_id": "5163436",
      "name": "书",
      "font_class": "shu9",
      "unicode": "e610",
      "unicode_decimal": 58896
    },
    {
      "icon_id": "5187405",
      "name": "书架",
      "font_class": "shujia1",
      "unicode": "e60e",
      "unicode_decimal": 58894
    },
    {
      "icon_id": "5217179",
      "name": "书立架",
      "font_class": "shulijia",
      "unicode": "e622",
      "unicode_decimal": 58914
    },
    {
      "icon_id": "5423583",
      "name": "月亮/夜间",
      "font_class": "z",
      "unicode": "e631",
      "unicode_decimal": 58929
    },
    {
      "icon_id": "5460561",
      "name": "软件开发包",
      "font_class": "ruanjiankaifabao",
      "unicode": "ec2e",
      "unicode_decimal": 60462
    },
    {
      "icon_id": "5649617",
      "name": "书本册",
      "font_class": "shubence",
      "unicode": "e64f",
      "unicode_decimal": 58959
    },
    {
      "icon_id": "5649898",
      "name": "书",
      "font_class": "shu10",
      "unicode": "e630",
      "unicode_decimal": 58928
    },
    {
      "icon_id": "5729394",
      "name": "太阳",
      "font_class": "taiyang2",
      "unicode": "e819",
      "unicode_decimal": 59417
    },
    {
      "icon_id": "5732757",
      "name": "搜索变小",
      "font_class": "sousuobianxiao",
      "unicode": "ec32",
      "unicode_decimal": 60466
    },
    {
      "icon_id": "5732758",
      "name": "搜索放大",
      "font_class": "sousuofangda",
      "unicode": "ec33",
      "unicode_decimal": 60467
    },
    {
      "icon_id": "5732759",
      "name": "定位",
      "font_class": "dingwei",
      "unicode": "ec34",
      "unicode_decimal": 60468
    },
    {
      "icon_id": "5767876",
      "name": "消息通知",
      "font_class": "xiaoxitongzhi",
      "unicode": "ec35",
      "unicode_decimal": 60469
    },
    {
      "icon_id": "5769242",
      "name": "广播",
      "font_class": "guangbo",
      "unicode": "ec36",
      "unicode_decimal": 60470
    },
    {
      "icon_id": "5835476",
      "name": "书签",
      "font_class": "shuqian",
      "unicode": "e611",
      "unicode_decimal": 58897
    },
    {
      "icon_id": "5882682",
      "name": "消息",
      "font_class": "xiaoxi",
      "unicode": "ec3b",
      "unicode_decimal": 60475
    },
    {
      "icon_id": "5896813",
      "name": "地图-星",
      "font_class": "ditu-xing",
      "unicode": "ec43",
      "unicode_decimal": 60483
    },
    {
      "icon_id": "5900851",
      "name": "撤回色块",
      "font_class": "chehuisekuai",
      "unicode": "ec45",
      "unicode_decimal": 60485
    },
    {
      "icon_id": "5900852",
      "name": "删除色块",
      "font_class": "shanchusekuai",
      "unicode": "ec46",
      "unicode_decimal": 60486
    },
    {
      "icon_id": "5961297",
      "name": "查询",
      "font_class": "chaxun",
      "unicode": "ec4c",
      "unicode_decimal": 60492
    },
    {
      "icon_id": "5961322",
      "name": "云端刷新",
      "font_class": "yunduanshuaxin",
      "unicode": "ec60",
      "unicode_decimal": 60512
    },
    {
      "icon_id": "5961323",
      "name": "运行",
      "font_class": "yunhang",
      "unicode": "ec61",
      "unicode_decimal": 60513
    },
    {
      "icon_id": "5961366",
      "name": "列表",
      "font_class": "liebiao",
      "unicode": "ec6b",
      "unicode_decimal": 60523
    },
    {
      "icon_id": "5982568",
      "name": "告警实心",
      "font_class": "tixingshixin",
      "unicode": "ec72",
      "unicode_decimal": 60530
    },
    {
      "icon_id": "5993150",
      "name": "复制",
      "font_class": "fuzhi",
      "unicode": "ec7a",
      "unicode_decimal": 60538
    },
    {
      "icon_id": "6061533",
      "name": "删除",
      "font_class": "shanchu",
      "unicode": "ec7b",
      "unicode_decimal": 60539
    },
    {
      "icon_id": "6184958",
      "name": "新建谱书",
      "font_class": "xinjianpushu",
      "unicode": "e608",
      "unicode_decimal": 58888
    },
    {
      "icon_id": "6194670",
      "name": "编辑色块",
      "font_class": "bianjisekuai",
      "unicode": "ec7c",
      "unicode_decimal": 60540
    },
    {
      "icon_id": "6237287",
      "name": "列表模式_块",
      "font_class": "liebiaomoshi_kuai",
      "unicode": "ec7e",
      "unicode_decimal": 60542
    },
    {
      "icon_id": "6237288",
      "name": "卡片模式_块",
      "font_class": "qiapianmoshi_kuai",
      "unicode": "ec7f",
      "unicode_decimal": 60543
    },
    {
      "icon_id": "6337453",
      "name": "分栏",
      "font_class": "fenlan",
      "unicode": "ec80",
      "unicode_decimal": 60544
    },
    {
      "icon_id": "6337455",
      "name": "点赞",
      "font_class": "dianzan",
      "unicode": "ec81",
      "unicode_decimal": 60545
    },
    {
      "icon_id": "6337459",
      "name": "无序排列",
      "font_class": "wuxupailie",
      "unicode": "ec82",
      "unicode_decimal": 60546
    },
    {
      "icon_id": "6337498",
      "name": "编辑",
      "font_class": "tianxie",
      "unicode": "ec88",
      "unicode_decimal": 60552
    },
    {
      "icon_id": "6380878",
      "name": "点赞_块",
      "font_class": "dianzan_kuai",
      "unicode": "ec8c",
      "unicode_decimal": 60556
    },
    {
      "icon_id": "6476391",
      "name": "置换",
      "font_class": "zhihuan",
      "unicode": "ec8d",
      "unicode_decimal": 60557
    },
    {
      "icon_id": "6616926",
      "name": "对勾",
      "font_class": "duigoux",
      "unicode": "ec9e",
      "unicode_decimal": 60574
    },
    {
      "icon_id": "6616997",
      "name": "关闭",
      "font_class": "guanbi1",
      "unicode": "eca0",
      "unicode_decimal": 60576
    },
    {
      "icon_id": "6775641",
      "name": "爱心 _实心",
      "font_class": "aixin_shixin",
      "unicode": "eca1",
      "unicode_decimal": 60577
    },
    {
      "icon_id": "6775644",
      "name": "爱心",
      "font_class": "aixin",
      "unicode": "eca2",
      "unicode_decimal": 60578
    },
    {
      "icon_id": "6776388",
      "name": "收藏_实心",
      "font_class": "shoucang_shixin",
      "unicode": "eca6",
      "unicode_decimal": 60582
    },
    {
      "icon_id": "6776389",
      "name": "收藏",
      "font_class": "shoucang",
      "unicode": "eca7",
      "unicode_decimal": 60583
    },
    {
      "icon_id": "6888885",
      "name": "书籍刷新",
      "font_class": "shujishuaxin1",
      "unicode": "e660",
      "unicode_decimal": 58976
    },
    {
      "icon_id": "6953087",
      "name": "书03",
      "font_class": "thin-_book_readi",
      "unicode": "e604",
      "unicode_decimal": 58884
    },
    {
      "icon_id": "6953090",
      "name": "书04",
      "font_class": "thin-_book_readi1",
      "unicode": "e606",
      "unicode_decimal": 58886
    },
    {
      "icon_id": "6953093",
      "name": "书05",
      "font_class": "thin-_bookmarks_",
      "unicode": "e609",
      "unicode_decimal": 58889
    },
    {
      "icon_id": "6953095",
      "name": "书06",
      "font_class": "thin-_office_arc",
      "unicode": "e60b",
      "unicode_decimal": 58891
    },
    {
      "icon_id": "7834345",
      "name": "plus",
      "font_class": "plus",
      "unicode": "e8fe",
      "unicode_decimal": 59646
    },
    {
      "icon_id": "7947379",
      "name": "空心问号",
      "font_class": "kongxinwenhao",
      "unicode": "ed19",
      "unicode_decimal": 60697
    },
    {
      "icon_id": "7947748",
      "name": "错误空心",
      "font_class": "cuowukongxin",
      "unicode": "ed1a",
      "unicode_decimal": 60698
    },
    {
      "icon_id": "7947749",
      "name": "方块",
      "font_class": "fangkuai1",
      "unicode": "ed1b",
      "unicode_decimal": 60699
    },
    {
      "icon_id": "7947750",
      "name": "方块+",
      "font_class": "fangkuai2",
      "unicode": "ed1c",
      "unicode_decimal": 60700
    },
    {
      "icon_id": "7947751",
      "name": "控件选中",
      "font_class": "kongjianxuanzhong1",
      "unicode": "ed1d",
      "unicode_decimal": 60701
    },
    {
      "icon_id": "7947752",
      "name": "空心对勾",
      "font_class": "kongxinduigou1",
      "unicode": "ed1e",
      "unicode_decimal": 60702
    },
    {
      "icon_id": "7947753",
      "name": "信息空心",
      "font_class": "xinxikongxin",
      "unicode": "ed1f",
      "unicode_decimal": 60703
    },
    {
      "icon_id": "7947754",
      "name": "控件",
      "font_class": "kongjian",
      "unicode": "ed20",
      "unicode_decimal": 60704
    },
    {
      "icon_id": "7947755",
      "name": "告警空心",
      "font_class": "gaojingkongxin",
      "unicode": "ed21",
      "unicode_decimal": 60705
    },
    {
      "icon_id": "7954334",
      "name": "对勾_块",
      "font_class": "duigou_kuai",
      "unicode": "ed22",
      "unicode_decimal": 60706
    },
    {
      "icon_id": "7954390",
      "name": "错叉_块",
      "font_class": "cuocha_kuai",
      "unicode": "ed23",
      "unicode_decimal": 60707
    },
    {
      "icon_id": "7956834",
      "name": "加_色块",
      "font_class": "jia_sekuai",
      "unicode": "ed24",
      "unicode_decimal": 60708
    },
    {
      "icon_id": "7956835",
      "name": "减_色块",
      "font_class": "jian_sekuai",
      "unicode": "ed25",
      "unicode_decimal": 60709
    },
    {
      "icon_id": "8481279",
      "name": "分享方式",
      "font_class": "fenxiangfangshi",
      "unicode": "ed2e",
      "unicode_decimal": 60718
    },
    {
      "icon_id": "9230691",
      "name": "compress",
      "font_class": "compress",
      "unicode": "e914",
      "unicode_decimal": 59668
    },
    {
      "icon_id": "9230692",
      "name": "expend",
      "font_class": "expend",
      "unicode": "e915",
      "unicode_decimal": 59669
    },
    {
      "icon_id": "9371346",
      "name": "月亮",
      "font_class": "yueliang2",
      "unicode": "e764",
      "unicode_decimal": 59236
    },
    {
      "icon_id": "9402976",
      "name": "文本，书页",
      "font_class": "changyongicon-",
      "unicode": "e619",
      "unicode_decimal": 58905
    }
  ]
}
